level,unit_id,title,content,category,image
1,1,The Mad Man’s Bag,The mad man has a pan and a bag.<br>The bag has a map. <br>The jam is in the pan.,story,"The-Mad-Man’s-Bag,png"
1,1,The Fat Cat and the Rat,The cat is fat. <br>The fat cat has a rat. <br>The rat ran to the bag and the cat sat on the mat.,story,"The-Fat-Cat-and-the-Rat,png"
1,1,Nat the Fat Cat,Nat is a fat cat. <br>Nat had a rat and a pan. <br>The pan had jam. <br>Nat sat on a mat and had a nap. <br>The rat ran.,story,"Nat-the-Fat-Cat,png"
1,1,A Nap on the Dam,The man and the cat have a map. <br>The map is a rag and it has jam. <br>The man and the cat ran to the dam. <br>The man and the cat sat on the dam and had a nap on it.,story,"A-Nap-on-the-Dam,png"
1,1,A Bad Van for Sam,Sam is a man. <br>Sam has a van. <br>The van is bad. Sam is sad.,story,"A-Bad-Van-for-Sam,png"
1,1,Nat and Tam,Nat and Tam are cats. <br>Tam has ham. <br>Nat is sad. <br>Nat had a nap on a rag.,story,"Nat-and-Tam,png"
1,1,The Van with the Map,Lan has a van. <br>A map is in the van. <br>Lan has a map. <br>Lan ran to the dam.,story,"The-Van-with-the-Map,png"
1,1,The Ram and the Yam,Zak is a ram. <br>Zak has a pan in the bag. <br>The pan has yam and jam.,story,"The-Ram-and-the-Yam,png"
1,1,The Fat Ram and Sam,Sam has a ram. <br>The ram is fat. <br>The fat ram ran to Sam. <br>Sam is mad.,story,"The-Fat-Ram-and-Sam,png"
1,2,The Red Hen,This is my pet. <br>It is a hen. <br>My hen is red.,story,"The-Red-Hen,png"
1,2,The Hen and the Red Net,I see a man that have my pet. <br>I want my pet. <br>My pet is a hen that has a red net.,story,"The-Hen-and-the-Red-Net,png"
1,2,The Wet Bed,You and I are men. <br>You and I want ten pegs. <br>The pegs are on the bed. <br>The bed is wet.,story,"The-Wet-Bed,png"
1,2,My Pets are Red,I have hens. <br>I like my hens. <br>Hens are pets. <br>You see the pet hens? <br>My hens are red.,story,"My-Pets-are-Red,png"
1,2,The Vet and the Net,I met the men in the vets. <br>The men want to see the vet. <br>The vet sees a red hen in a net.,story,"The-Vet-and-the-Net,png"
1,2,Pens on a Web,I have a red hen. <br>It sees ten legs. <br>The ten legs are pens. <br>The pens are on a web.,story,"Pens-on-a-Web,png"
1,2,A Red Jet for Ted,Ted is a red hen. <br>Ted gets set on the jet. <br>The jet is red. <br>The jet gets in a web.,story,"A-Red-Jet-for-Ted,png"
1,2,The Fat Cat and the Vet,The fat cat has a bad leg. <br>I see a vet. <br>The vet sees the fat cat. <br>The fat cat had a nap on the bed.,story,"The-Fat-Cat-and-the-Vet,png"
1,2,The Mad Men and the Jam,The rat and the hen ran to the men. <br>The men are mad. <br>The hen and the rat want jam. <br>The jam is in the men’s bag.,story,"The-Mad-Men-and-the-Jam,png"
1,2,A Sad Rat in a Web,Nat is a mad bat. <br>Nat sees a rat. <br>Nat wants it. <br>The rat is in the web. <br>The rat is sad.,story,"A-Sad-Rat-in-a-Web,png"
1,2,Ham in the Pan for Sed,Sed is my pet. <br>Sed is a red cat. <br>Sed wants to get the ham in the pan. <br>Sed is a bad cat. <br>(Don’t be like sed).,story,"Ham-in-the-Pan-for-Sed,png"
1,2,Sam’s Ten Pens,Sam wants ten pens. <br>The pens are on the rag. <br>The rag is on the bed. <br>Sam sees the pens. <br>Sam ran to the bed.,story,"Sam’s-Ten-Pens,png"
1,3,The Dig and the Fig,The small kid digs. <br>She digs up figs. <br>She has the big figs in a bin. <br>The bin has a rip. <br>The kid wants to fix the bin.,story,"The-Dig-and-the-Fig,png"
1,3,The Pig in the Tin,The big pig hit the bin. <br>A kid sees the big pig. <br>The pig hid in the tin. <br>The kid wants to fix the tin bin.,story,"The-Pig-in-the-Tin,png"
1,3,The Fin in the Pit,Rit and Nik are small kids. <br>They did rip the fin. <br>They hid the fin in the pit.,story,"The-Fin-in-the-Pit,png"
1,3,The Kit in the Pit,The men dig a small pit. <br>They see a kit in the small pit. <br>They sit in the small pit and dig up the kit. <br>The men have the kit.,story,"The-Kit-in-the-Pit,png"
1,3,Ten Bags of Jam,The ten kids have small red bags. <br>The small red bags have figs and jam. <br>The figs are bad. <br>The kids are sad.,story,"Ten-Bags-of-Jam,png"
1,3,A Nap in the Pit,Ted is a tin man that has a red tag. <br>Ted sees a small sad kid in a pit. <br>The kid and Ted sat in the pit and had a nap.,story,"A-Nap-in-the-Pit,png"
1,3,A Nap on the Mat,Nik sat on the bed. <br>Nik had a fat cat. <br>The cat sat on the mat. <br>Nik and the cat had a nap.,story,"A-Nap-on-the-Mat,png"
1,4,The Cop and the Dog,"Bob is a cop. <br>Bob has a dog on the job. <br>The dog wants a log. <br>Bob sees a log. <br>Now, the dog has a log.",story,"The-Cop-and-the-Dog,png"
1,4,A Box on a Log,"I am a cop with a hot dog. <br>I got a box on a log. <br>I see fog on top of the hot dog. <br>Yes, I have a job to hop a lot.",story,"A-Box-on-a-Log,png"
1,4,The Fox Got the Log,"Tom is a fox. <br>Tom wants a log. <br>Bob the dog has a log. <br>Tom got the log from Bob. <br>Now, Bob sobs.",story,"The-Fox-Got-the-Log,png"
1,4,The Hog in the Fog,"You like pop in a box? <br>No, I do not want hot pop. <br>I see a hog. <br>It hops in the fog and pops the dots.",story,"The-Hog-in-the-Fog,png"
1,4,The Sad Dog,"Tom is a cat and Bob is a dog. <br>Tom hid the ham from Bob. <br>Bob wants the ham. <br>Now, Bob is sad.",story,"The-Sad-Dog,png"
1,4,Mom’s Big Job,Mom is a vet. <br>Mom has a small sad dog on the job. <br>The dog ran in the fog. <br>The dog is mad.,story,"Mom’s-Big-Job,png"
1,4,A Lot in the Pot,"I have got a pot. <br>The pot is hot. It is a hot pot. <br>We all got hotdogs from the pot. <br>Now, we do not have a lot in the pot.",story,"A-Lot-in-the-Pot,png"
1,4,The Bad Fox and the Good Dog,Bob is a bad fox. <br>Bob likes hens. <br>Bob got the hens in a net. Tom the dog saw Bob. <br>Tom hit Bob and got the hens back. ,story,"The-Bad-Fox-and-the-Good-Dog,png"
1,4,Tom and His Dog,Tom is a small boy. <br>Tom can hop on the logs. <br>Tom has a dog. <br>Tom digs for the logs with his dog.,story,"Tom-and-His-Dog,png"
1,5,The Box Under the Rug,I am a pup with a red box. <br>My box is under the rug. <br>I tug and tug to get the box. <br>But I cannot get it.,story,"The-Box-Under-the-Rug,png"
1,5,The Pup and the Rug,I am a pup with a red box. <br>My box is under the rug. <br>I tug and tug to get the box. <br>But I cannot get it.,story,"The-Pup-and-the-Rug,png"
1,5,A Big Mug for a Pet,Do You like my mug? <br>It is big and has a pup in it. <br>You can get a mug if you want. <br>Your mug can have a pet cat or a pet dog in it.,story,"A-Big-Mug-for-a-Pet,png"
1,5,The Pup in the Mud,"I am a kid with a hat and a bag. <br>My dog ran on the rug. <br>He met a wet pup in the mud. <br>Now, we have to get the pup. ",story,"The-Pup-in-the-Mud,png"
1,5,The Men at the Dam,We met sad men at the dam. <br>They have nets and big tin cans to get bugs. <br>But the men get no bugs. <br>Just a wet leg in the mud.,story,"The-Men-at-the-Dam,png"
1,5,The Cop in the Mud,The fat cop ran to get the bad man. <br>But he sat on a rag! <br>His hat got a rip as he hit the mud. <br>The man in the van got in the fog.,story,"The-Cop-in-the-Mud,png"
1,5,The Hen and the Bug,She puts jam on her bun in the sun. <br>A bug did sit on her lip. <br>The hen ran to get the bug. <br>She did not like it!,story,"The-Hen-and-the-Bug,png"
1,5,The Bug in the Web,"You see the top of the web? <br>The big fat bug is in it. <br>It has a bug. <br>But, the bug will not get off the web.",story,"The-Bug-in-the-Web,png"
2,6,Cake for the Ram,"An Ape’s Cake. <br>A little ape made a cake for the ram. <br>What was in the cake? <br>Some nuts, figs and jam. <br>“Do you like my cake, little ram?” <br>”Yes, I do, little ape! Let’s make some cake for the hens too!” ",story,"Cake-for-the-Ram,png"
2,6,The Ram and the Lake,"A fast Ram. <br>A fat cat can sit on the gate. <br>A little hen can sit on the cane. <br>A male ape can sit on a rake. <br>Can a mad ram sit on the vase? <br>No, it cannot, but it can jump and run to the lake! ",story,"The-Ram-and-the-Lake,png"
2,6,A Cake for Sale,A Cake on Sale. <br>A fox will hop in the fog to find his box. <br>A hog will take some jam and make a cake. <br>A ram will take the cake and put it in the box. <br>An ape will take the cake in the box and put it on sale.,story,"A-Cake-for-Sale,png"
2,6,The Pig and the Hen,"Not a Fun Game. <br>A hen met a big pig in a cave. <br>“Come here, let’s have a fun game!”. <br>I have a cane and you have a cup. <br>We can tape the cup to the cane. <br>The big pig did not like the game.",story,"The-Pig-and-the-Hen,png"
2,6,The Cave and the Dog,"Mad Ape. <br>We can have some fun! <br>Let’s go to the cave and make a gate. <br>Like this, the ape cannot come. <br>It will be mad and ask a dog for help. <br>The dog will dig under the gate and save the ape.",story,"The-Cave-and-the-Dog,png"
2,6,A Cat and an Ape-1,A Cat and an Ape. <br>The little ape is sad. <br>“Help!” The male cat jumps and takes the ape down from the tree. <br>The ape is safe now. <br>The little ape takes the cat to its hut and bakes a big fig cake.,story,"A-Cat-and-an-Ape-1,png"
,6,A Cat and an Ape-2, <br>The ape is safe now. <br>The little ape takes the cat to its hut and bakes a big fig cake.,story,"A-Cat-and-an-Ape-2,png"
2,6,Tate Hates the Lake-1,Tate Hates the Lake. <br>Kate sees Tate in the lake. <br>Tate is wet and sad. <br>She hates the lake. <br>Kate wants to help Tate. <br>,story,"Tate-Hates-the-Lake-1,png"
,6,Tate Hates the Lake-2,"So, she hugs Tate and they zip to the cave for a game. <br>The game is fun. <br>Tate is not sad.",story,"Tate-Hates-the-Lake-2,png"
2,7,Mike and the Dime-1,Mike is a kid. <br>Mike finds a dime in a cave. <br>Mike looks at the big dime. <br>Mike takes the dime and jumps in the van to his Dad.,story,"Mike-and-the-Dime-1,png"
,7,Mike and the Dime-2, <br>His dad’s name is kile. <br>Kile takes the dime to the cops.,story,"Mike-and-the-Dime-2,png"
2,7,The Fine Red Bike,"Mike has a fine red bike. <br> He rides it to the lake. <br> “I like my red fine bike,” Mike says. <br> He rides up a hill and down. <br> “What a fun ride!”",story,"The-Fine-Red-Bike,png"
2,7,Mike has a wife,Mike has a wife and five kids. <br> The kids play with the kites in the hut. <br>  They have a small cat and a dog. <br> Mike takes a nap on a pile of pines. <br> Mike and his wife have ten hens and nine pigs.,story,"Mike-has-a-wife,png"
2,7,Pigs and hens,The pigs are fat and the hens are mad. <br> The hens go with the dog in a line and hide in a pile of ripe limes. <br> The pigs jump in the mud. <br> The pigs are bad. ,story,"Pigs-and-hens,png"
2,7,Limes in the Cave-1,Mike is a pup. <br> Mike likes to dig under the big red van. <br> Mike finds five ripe limes and nine logs. <br> ,story,"Limes-in-the-Cave-1,png"
,7,Limes in the Cave-2,Mike takes the five limes and the nine logs to his cave. ,story,"Limes-in-the-Cave-2,png"
2,7,Time to Hike!,"Kile and Nate go for a hike. <br> “It is time to hike,” Nate says. <br> They walk up a big hill. <br> “I like this hike,” Kile says. ",story,"Time-to-Hike!,png"
2,7,The Wide Slide,"Jake and Zike see a wide slide. <br> “Let’s go on the slide,” Zike says. <br> They get on the slide and down. <br> “This is fun!” Zike says. ",story,"The-Wide-Slide,png"
2,8,A Bone for Home,Jones Sees a bone. <br> He took the bone home. <br> The bone was old. <br> Jones gave the bone to his dog. <br> The dog loves the bone.,story,"A-Bone-for-Home,png"
2,8,The Bad Joke,Jones said a joke. <br> The joke was bad. <br> Jones made a note. <br> The note had the joke. <br> His friends hated the joke.,story,"The-Bad-Joke,png"
2,8,The Mole in the Hole,Jones sees a mole. <br> The mole dug a hole. <br> Jones gave a bone to the mole. <br> The mole was cute. <br> The hole was big.,story,"The-Mole-in-the-Hole,png"
2,8,The Mole and the bike-1,A mole found a hole. <br> The mole poked his nose. <br> He saw a cone. <br> ,story,"The-Mole-and-the-bike-1,png"
,8,The Mole and the bike-2,The mole rode his bike. <br> He found a note. <br> He tied the note to a rope. ,story,"The-Mole-and-the-bike-2,png"
2,8,the mole and the rose,The mole has a home. <br> The hose broke. <br> The mole rode a bike. <br> He found a rope. <br> He tied the rope. <br> The wife gave a rose. .,story,"the-mole-and-the-rose,png"
2,8,The Mole's Nose-1,The mole saw a hole. <br> He saw a nose. <br> The nose poked the mole. <br> The mole found a note.,story,"The-Mole's-Nose-1,png"
,8,The Mole's Nose-2, <br> He tied the note. <br> They told a joke. <br> The mole took a doze. ,story,"The-Mole's-Nose-2,png"
2,8,The Nose in the Hole-1,The mole rode a bike. <br> She saw a hole. <br> A hose lay near. <br> The mole poked the nose. <br> ,story,"The-Nose-in-the-Hole-1,png"
,8,The Nose in the Hole-2,The wife had a note. <br> They told a joke. <br> The mole took a doze.,story,"The-Nose-in-the-Hole-2,png"
2,9,The Mule at Home-1,"A huge mule was sad. <br> He wants his friends to come and have fun in his home. <br> His friends did not come, the huge mule was sad that he puked.",story,"The-Mule-at-Home-1,png"
,9,The Mule at Home-2, <br> His mom came and gave him a huge hug. <br> The sad huge mule is happy.,story,"The-Mule-at-Home-2,png"
2,9,Huge Mad Dog-1, cute cat sat by the huge mad dog. <br> The cute cat wanted to say hello to the huge mad dog. <br> The huge mad dog was not mad but sad. ,story,"Huge-Mad-Dog-1,png"
,9,Huge Mad Dog-2,<br> The cat said a fun joke to the huge sad dog. <br> Now the huge sad dog is happy.,story,"Huge-Mad-Dog-2,png"
2,9,Mike and the Cute Dog-1,"Mike sees a cute little dog. <br> The cute little dog is happy and wants to play. <br> The cute little dog jumps up and down, but then he pukes!",story,"Mike-and-the-Cute-Dog-1,png"
,9,Mike and the Cute Dog-2," <br> “Bad dog!”  Mike says. <br> But then he gives me a cute look, and I can’t be mad. ",story,"Mike-and-the-Cute-Dog-2,png"
2,9,A Fuse for the Tube-1,A mule has a huge cube. <br> The mule rode by the dome. <br> It used a fuse for the tube. <br> The cube gave out some fume. <br> ,story,"A-Fuse-for-the-Tube-1,png"
,9,A Fuse for the Tube-2,The mule saw a cute rose. <br> He tied the rope with the fuse. <br> It is time for fun.,story,"A-Fuse-for-the-Tube-2,png"
2,9,The Mule and the Mute Pup-1,The mule sat by the dome. <br> A cube lay near the tube. <br> The fuse broke with some fume. <br>,story,"The-Mule-and-the-Mute-Pup-1,png"
,9,The Mule and the Mute Pup-2, The mule rode home in the sun. <br> He saw a cute mute pup. <br> He used a tube to help. <br> The mule felt hope.,story,"The-Mule-and-the-Mute-Pup-2,png"
2,9,The Fuse and The fume-1,The fuse gave out a huge fume. <br> The mule rode past the dome. <br> He used the tube and cube. <br>,story,"The-Fuse-and-The-fume-1,png"
,9,The Fuse and The fume-2, The mule found a cute pup. <br> He tied the rope on the pole. <br> The mule felt hope and smiled. <br> The mute mule did not puke.,story,"The-Fuse-and-The-fume-2,png"
2,9,Fun by the Dome-1,The cube was huge. <br> The mule rode by the dome. <br> The fuse gave out a fume. <br> The mule used the tube with hope. <br,story,"Fun-by-the-Dome-1,png"
,9,Fun by the Dome-2,> He tied the rope on the pole. <br> The mule found a cute pup. <br> They sat and had fun.,story,"Fun-by-the-Dome-2,png"
2,10,A Tune for June-1,A dude rode to the dune. <br> He saw a big dome. <br> The dude played a tune on his lute. <br> The tube held air from June. <br> ,story,"A-Tune-for-June-1,png"
,10,A Tune for June-2,He felt hope by the dune. <br> He smiled at a mute mule. <br> The tune made the day fun.,story,"A-Tune-for-June-2,png"
2,10,The Dude and the Lute-1,The dude sat by the dune. <br> He saw a tube near the dome. <br> The mute mule rode by the dune. <br> The dude played his lute. <br> ,story,"The-Dude-and-the-Lute-1,png"
,10,The Dude and the Lute-2,A fuse gave out some fume. <br> The dude used hope to fix it. <br> He liked the happy tune.,story,"The-Dude-and-the-Lute-2,png"
2,10,A Sunny Day in June-1,The dude rode past the big dome. <br> He found a mute mule by the dune. <br> He played a tune on the lute. <br> The tube held air from June. <br> ,story,"A-Sunny-Day-in-June-1,png"
,10,A Sunny Day in June-2,The mule felt hope and smiled. <br> The dude liked the tune. <br> The sun shone bright in June.,story,"A-Sunny-Day-in-June-2,png"
2,10,The Boy and the Dune-1,The boy sees a little dune. <br> He jumps on it and says “Hi”. <br> A girl comes and looks at him. <br> She wants to jump too. <br>,story,"The-Boy-and-the-Dune-1,png"
,10,The Boy and the Dune-2, They are happy friends now.,story,"The-Boy-and-the-Dune-2,png"
2,10,Hope by the Big Dome-1,The dude saw a huge dune. <br> She sat by the dome and played a lute. <br> The tube let out some fume. <br> The dude rode by on a mule. <br>,story,"Hope-by-the-Big-Dome-1,png"
,10,Hope by the Big Dome-2, He smiled and hummed a tune. <br> He had hope for the day. <br> They sat by the big dune.,story,"Hope-by-the-Big-Dome-2,png"
2,10,The Dude and the Mute Mule-1,The dude rode to the big dome. <br> The mule sat by the dune. <br> The dude played a lute and tune. <br> The tube gave out a fume. <br> T,story,"The-Dude-and-the-Mute-Mule-1,png"
,10,The Dude and the Mute Mule-2,the dude smiled and felt hope. <br> The mule looked mute but calm. <br> The sun shone over the dune.,story,"The-Dude-and-the-Mute-Mule-2,png"
2,10,A Dude and A Mule-1,A dude rode by the dune and dome. <br> He played a lute and hummed a tune. <br> The tube let out some fume. <br> The dude felt hope and smiled. <br>,story,"A-Dude-and-A-Mule-1,png"
,10,A Dude and A Mule-2, The mule sat quiet by the dome. <br> The dude liked the happy tune. <br> The sun was warm in June.,story,"A-Dude-and-A-Mule-2,png"
3,11,Blue Plane-1,I see a blue plane. <br> It is big and flat. <br> The plane can glide in the sky. <br> A man is in the plane. <br> He has a map and a bag. <br> He is glad to go. <br> The plane goes up and up. <br>,story,"Blue-Plane-1,png"
,11,Blue Plane-2," It can slide on the wind. <br> The man can see the globe. <br> The plane comes down. <br> It lands on a flat spot. <br> The man is glad and says, “I did it!”",story,"Blue-Plane-2,png"
3,11,The Big Class Plan-1,"The class is big. <br> The kids sit in a line. <br> They clap and say, “Hi!” <br> The girl has a red pen. <br> She can make a plum on the map. <br> The boy says, “That is glad!” <br> ",story,"The-Big-Class-Plan-1,png"
,11,The Big Class Plan-2,"The class looks at the map. <br> They put a blue tag on it. <br> They are happy with the plan. <br> The teacher says, “Good job!” <br> The class claps again. <br> They all say, “We are glad!”",story,"The-Big-Class-Plan-2,png"
3,11,The Dog and the Sled-1,I have a black dog. <br> He has a red sled. <br> We go up the flat hill. <br> ,story,"The-Dog-and-the-Sled-1,png"
,11,The Dog and the Sled-2,"We get on the sled. <br> It can slide fast. <br> The dog is glad. <br> We stop by a log. <br> The dog jumps off. <br> I say, “Good job, pup!” <br> ",story,"The-Dog-and-the-Sled-2,png"
,11,The Dog and the Sled-3,We go up again. <br> We slide one more time. <br> We are happy now.,story,"The-Dog-and-the-Sled-3,png"
3,11,Flip the Pet Pig-1,Flip is my pet pig. <br> He can run and hop. <br> He is glad to play. <br>,story,"Flip-the-Pet-Pig-1,png"
,11,Flip the Pet Pig-2,I have a plum for Flip. <br> He sees it and sits. <br> He likes the plum. <br>,story,"Flip-the-Pet-Pig-2,png"
,11,Flip the Pet Pig-3, Flip gets the plum. <br> He eats it fast. <br> He looks at me and nods. <br> ,story,"Flip-the-Pet-Pig-3,png"
,11,Flip the Pet Pig-4,I pat him. <br> He is a good pig. <br> We sit by the van and rest.,story,"Flip-the-Pet-Pig-4,png"
3,12,The Brave Crab and the Frog-1,"A crab is on the sand. <br> He has a bag with a red grape in it. <br> He sees a frog by the rock. <br> The frog says, “You are brave.” <br> ",story,"The-Brave-Crab-and-the-Frog-1,png"
,12,The Brave Crab and the Frog-2,"The crab grins and claps. <br> He wants to cross the wet grass. <br> The frog jumps and says, “Come on!” <br> The crab runs fast on the grass. <br> ",story,"The-Brave-Crab-and-the-Frog-2,png"
,12,The Brave Crab and the Frog-3,They get to a big rock. <br> The crab is glad and grins. <br> The frog claps for his friend. <br> They sit on the rock in the sun.,story,"The-Brave-Crab-and-the-Frog-3,png"
3,12,The Truck and the Track-1,"A boy and his dad have a truck. <br> They put a bag and a box in it. <br> The boy sits by the window. <br> They drive on the track by the grass. <br> The boy sees a frog and a crane. <br> He says, “This is a fun day!” <br>",story,"The-Truck-and-the-Track-1,png"
,12,The Truck and the Track-2," The truck stops by a big rock. <br> They take out the bag and eat a plum. <br> The boy claps and says, “Yum!” <br> ",story,"The-Truck-and-the-Track-2,png"
,12,The Truck and the Track-3,"The dad says, “You help me a lot.” <br> The boy says, “I am glad, dad.” <br> They drive home in the truck.",story,"The-Truck-and-the-Track-3,png"
3,12,A Grape in the Frame-1,"The class has a plan for a prize. <br> Pam says, “Let’s make a frame.” <br> Dan says, “Yes, we can!” <br> Pam puts a red grape in the frame. <br> Dan claps and says, “It looks good!” <br>",story,"A-Grape-in-the-Frame-1,png"
,12,A Grape in the Frame-2, The class stands by the desk. <br> The boys press the frame to the wall. <br> The class looks at it. <br> They are all glad and grin. <br> ,story,"A-Grape-in-the-Frame-2,png"
,12,A Grape in the Frame-3,"Pam says, “We did a fine job.” <br> Dan says, “It is our pride.” <br> The class claps and says, “Thank you!”",story,"A-Grape-in-the-Frame-3,png"
3,12,The Frog and the Drum-1," A frog has a drum. <br> He hits it and makes a big tune. <br> A pig stands by him. <br> The frog plays and plays. <br> The drum broke, and the frog is sad.",story,"The-Frog-and-the-Drum-1,png"
,12,The Frog and the Drum-2," <br> The pig runs to help him. <br> The pig puts a rope on the drum. <br> He fixes it with a small cup. <br> The frog grins and says, “Good!”",story,"The-Frog-and-the-Drum-2,png"
,12,The Frog and the Drum-3," <br> The frog hits the drum again. <br> The pig claps, and they jump. <br> They are both happy friends.",story,"The-Frog-and-the-Drum-3,png"
3,13,The Snake and the Swan-1,"A snake is on a stone by the lake. <br> He sees a swan that swims near him. <br> The snake smiles and says, “Hi!” <br>  The swan says, “You smile so well!”",story,"The-Snake-and-the-Swan-1,png"
,13,The Snake and the Swan-2, <br>  The snake spins his tail on the sand. <br> They both grin. <br> The swan swings her wings in the sun. <br> The snake sniffs a rose by the rock. <br> They are happy friends. ,story,"The-Snake-and-the-Swan-2,png"
,13,The Snake and the Swan-3,<br> The snake goes under the rock. <br> The swan swims in the lake. <br> The swan swims away with a smile. ,story,"The-Snake-and-the-Swan-3,png"
3,13,Tim and the New Skate-1,"Tim has a new skate. <br> He puts it on and stands up. <br> He can skate fast on the track. <br> His mom sees him and says, “Take  care. Go slow, Tim!” ",story,"Tim-and-the-New-Skate-1,png"
,13,Tim and the New Skate-2,"<br> Tim smiles and says, “I can do it!” <br>  He spins and stops at the step. <br> His dad claps and says, “Good job!” <br>  Tim grins and skates again. ",story,"Tim-and-the-New-Skate-2,png"
,13,Tim and the New Skate-3,"<br> He gets a bag from the van. <br> He puts his skate in the bag. <br> He says, “This was a fun day!”",story,"Tim-and-the-New-Skate-3,png"
3,13,The Dog and the Red Spot-1,"A dog has a red spot on his leg. <br> He sniffs it and sits by the door. <br> His mom comes to see him. <br> She says, “You are a good dog.” ",story,"The-Dog-and-the-Red-Spot-1,png"
,13,The Dog and the Red Spot-2,<br> The dog grins and wags The dog grins and stands by her. <br> She puts a cup of milk for him. <br> The milk looks good. <br> He sniffs it and sips it all. ,story,"The-Dog-and-the-Red-Spot-2,png"
,13,The Dog and the Red Spot-3,<br> The dog sits on the rug. <br> He sniffs the air and smiles. <br> He is a happy dog.,story,"The-Dog-and-the-Red-Spot-3,png"
3,13,The Smoke by the Gate-1,"The kids see smoke by the gate. <br> “It’s black!” says the girl. <br> The boy says, “Let’s go see it!” <br>  They walk and stop by the stone.",story,"The-Smoke-by-the-Gate-1,png"
,13,The Smoke by the Gate-2, <br> The smoke spins up in the sky. <br> “Oh no!” says the boy. <br> A woman comes with a hose. <br> She puts water on the smoke.,story,"The-Smoke-by-the-Gate-2,png"
,13,The Smoke by the Gate-3," <br> It goes away fast. <br> The kids smile and say, “Thank you!” <br>  The woman grins and says, “You are brave.” <br>  The day is safe and happy now.",story,"The-Smoke-by-the-Gate-3,png"
3,14,The Dolphin and the Whale-1,I see a dolphin in the lake. <br> He jumps up and gets a fish. <br> The dolphin goes by a ship. <br> A whale is with the dolphin.,story,"The-Dolphin-and-the-Whale-1,png"
,14,The Dolphin and the Whale-2, <br> They swim and go under the ship. <br> They look at the man on the shop. <br> The man has a phone in his bag. <br> He takes a photo of them,story,"The-Dolphin-and-the-Whale-2,png"
,14,The Dolphin and the Whale-3,. <br> He puts the photo by them. <br> The dolphin and whale get the photo. <br> They grin and jump by the lake. <br> They are happy to be friends.,story,"The-Dolphin-and-the-Whale-3,png"
3,14,The Man and the White Ship-1,A man has a white ship. <br> He goes to the shop by the lake. <br> He needs a rope and a bag. <br> The shop has a rope and a map.,story,"The-Man-and-the-White-Ship-1,png"
,14,The Man and the White Ship-2, <br> He picks the rope and the map. <br> He takes them to the ship. <br> He puts the rope in the bag.,story,"The-Man-and-the-White-Ship-2,png"
,14,The Man and the White Ship-3, <br> He gets on the ship with his bag. <br> He can go on the lake. <br> The ship is on the lake with the man. <br> He grins and looks at the map. <br> He thinks this is a good day to go.,story,"The-Man-and-the-White-Ship-3,png"
3,14,The Chick and the Chip-1,A chick is on the box. <br> It sees a chip on the box. <br> The chick wants the chip. <br> The chick picks up the chip. <br> ,story,"The-Chick-and-the-Chip-1,png"
,14,The Chick and the Chip-2, <br> It takes a bite of the chip. <br> The chip is a bit on one side. <br> Oh no — the chip drops in the mud. <br> The chick is sad and sits down,story,"The-Chick-and-the-Chip-2,png"
,14,The Chick and the Chip-3,. <br> The mom hen comes to help. <br> The hen brings a new chip. <br> She puts it by the chick. <br> The chick eats the chip and grins.,story,"The-Chick-and-the-Chip-3,png"
3,14,A Photo of the Dog-1,I have a phone in my bag. <br> I take a photo of the dog. <br> The dog sits and looks at me. <br> I put the phone on the bed. ,story,"A-Photo-of-the-Dog-1,png"
,14,A Photo of the Dog-2,"<br> I pick up the photo and put it by mom. <br> Mom gets the photo. <br> Mom looks at the photo of the dog. <br> She says, “This is a photo.",story,"A-Photo-of-the-Dog-2,png"
,14,A Photo of the Dog-3,"” <br>  Dad comes and gets the phone. <br> They look at the photo and grin. <br> They say, “That is a nice photo.” <br>  I am happy with my phone.",story,"A-Photo-of-the-Dog-3,png"
3,15,The Frog and the Spring-1,I see a spring by the stream. <br> A frog sits on a log. <br> It is a big green frog. <br> The frog jumps in the spring. <br> It makes a splash on the wet sand.,story,"The-Frog-and-the-Spring-1,png"
,15,The Frog and the Spring-2," <br> I get my red cup and sit by it. <br> Dad and I look at the frog. <br> He says it can swim fast. <br> I say, “Yes, I see it go!” ",story,"The-Frog-and-the-Spring-2,png"
,15,The Frog and the Spring-3,<br>  The frog hops on the land. <br> It sits under a shrub. <br> Then it jumps back in the stream. ,story,"The-Frog-and-the-Spring-3,png"
3,15,The Sprites and the Shrub-1,Three sprites live by a shrub. <br> They sit on a soft bed of mud. <br> One sprite has a red hat. <br> They play by the stream. <br> One jumps and makes a splash. <br> The small sprite gets wet. <br>,story,"The-Sprites-and-the-Shrub-1,png"
,15,The Sprites and the Shrub-2," They run up the hill and stop. <br> The sun is up, and it is hot. <br> They sit and sip from a cup. <br> ",story,"The-Sprites-and-the-Shrub-2,png"
,15,The Sprites and the Shrub-3,"The sprites see a frog swim. <br> They say, “It is fun to be here.” <br> Then they go back to the shrub.",story,"The-Sprites-and-the-Shrub-3,png"
3,15,The Square Cake and the Jam-1,Mom bakes a square cake. <br> She puts jam on top. <br> Dad and I sit at the big table. <br> She cuts the cake into nine bits. ,story,"The-Square-Cake-and-the-Jam-1,png"
,15,The Square Cake and the Jam-2,"<br> We each get one on a plate. <br> It looks good and smells nice. <br> I take a bite and smile. <br> Dad says, “This is the best!” <br>  Mom says, “I’m glad you like it.” <br>  ",story,"The-Square-Cake-and-the-Jam-2,png"
,15,The Square Cake and the Jam-3,"The cake is all gone. <br> Mom picks up the cups and plates. <br> We all say, “Thank you, Mom!”",story,"The-Square-Cake-and-the-Jam-3,png"
3,15,The Fish and the Thrill-1,"A boy and a girl walk by a shrub. <br> They see a fish in the stream. <br> The girl says, “It is so big!” <br> The boy wants to get the fish. <br> He gets a net from his bag. <br> ",story,"The-Fish-and-the-Thrill-1,png"
,15,The Fish and the Thrill-2,"He stands by the spring. <br> The fish swims fast and hides. <br> The boy says, “Oh no, it’s gone!” <br>  ",story,"The-Fish-and-the-Thrill-2,png"
,15,The Fish and the Thrill-3,"The girl says, “Let’s try again. <br>” He dips the net in the stream. <br> The fish is in the net now. <br> They jump and say, “What a thrill!”",story,"The-Fish-and-the-Thrill-3,png"
4,16,The Gold Ring and the King-1,"Boy Tom was at the bank. <br> He liked to dig in the sand in front of the big door. <br> He put his hand in the cold sand and found something. <br> “Oh no! It is cold,” said Tom. <br> The cold thing was a gold ring! <br> ",story,"The-Gold-Ring-and-the-King-1,png"
,16,The Gold Ring and the King-2,"He held it tight in his hand. <br> “Dad! Look what I have!” said Tom. <br> His dad said, “It is a big, old gold ring.” <br> Tom was happy to hold it. <br> The king came. <br> He said, “I need to find my long gold ring! It’s gone!” <br> Tom held up the ring abd said, “Is this your ring, King?” <br> ",story,"The-Gold-Ring-and-the-King-2,png"
,16,The Gold Ring and the King-3,"The king said, “Yes! Thank you, little boy!” The king was happy and gave Tom a new toy. <br> Tom said, “I will go hunt for a plant now!” <br> He walked home happy with his dad.",story,"The-Gold-Ring-and-the-King-3,png"
4,16,The Pink Quilt and the Pink Belt-1,"Lily, the girl, wants a new quilt for her bed. <br> She and her mom went on a hunt. <br> They found a pink quilt that she liked. <br> She said, “I want this quilt!” <br>",story,"The-Pink-Quilt-and-the-Pink-Belt-1,png"
,16,The Pink Quilt and the Pink Belt-2," They walked out and saw a big band. <br> The band began to sing a long, happy song on the front street. <br> The man with the trumpet had a pink belt on! <br> The band stopped. <br> The man said, “Oh no! My pink belt is gone!” <br> ",story,"The-Pink-Quilt-and-the-Pink-Belt-2,png"
,16,The Pink Quilt and the Pink Belt-3,"Lily looked down. <br> The belt was on the ground by her foot. <br> She picked it up with her hand. <br> Lily gave the pink belt to the man. <br> He said, “Thank you, little girl! Now we can sing more!” <br> Lily was happy she could help. <br> She went to sleep under her new pink quilt. ",story,"The-Pink-Quilt-and-the-Pink-Belt-3,png"
4,16,The Pink Fish and the Plant-1,"I like to play with water. <br> I put my hand in the cold sink water. <br> I saw a small, pink toy fish in the sink! <br> I held it up. <br> It was wet and cold. <br> ",story,"The-Pink-Fish-and-the-Plant-1,png"
,16,The Pink Fish and the Plant-2,"My mom was with her plant. <br> The plant needed water. <br> She said, “The dirt is dry. We need to put some water on it so it will grow long.” <br> I took the pink fish out. <br> I said, “Mom, can we use this cold water for the plant?” <br> She said, “Yes, good idea!” <br> ",story,"The-Pink-Fish-and-the-Plant-2,png"
,16,The Pink Fish and the Plant-3,"We poured the water on the plant. <br> The plant was happy. <br> I put the fish safe on the counter. <br> I saw that the plant was not big, but it will grow.",story,"The-Pink-Fish-and-the-Plant-3,png"
4,16,The King and the Sand Castle-1,"The king was at the beach. <br> He wanted to build a big sand castle. <br> He used both his hands to pat down the sand. <br> He said, “I will make the biggest castle in the front!” <br>",story,"The-King-and-the-Sand-Castle-1,png"
,16,The King and the Sand Castle-2," The sun was hot. <br> The king said, “Oh no! The sand castle is going to melt!” <br> He yelled, “Help! We need to hold the sand together!” <br> A small band was playing nearby. <br> The king asked, “Can you put down your drums and help me?” <br>The man said, “Yes, King! ",story,"The-King-and-the-Sand-Castle-2,png"
,16,The King and the Sand Castle-3,"We will come and help you!” <br> They all worked together to make a very long wall. <br> The king was happy. <br> He said, “Thank you, friends! I will sing a song for you now!” <br> The king began to sing a long, silly song.",story,"The-King-and-the-Sand-Castle-3,png"
4,17,A Gift on the Shelf-1,"The elf was small. <br> He had a soft gift in his hand. <br> He wanted to give the gift to the girl. <br> He said, “Hello, I need help!” <br> The girl said, “Put the gift on the shelf by the sink.” <br> The elf put the gift up. <br> ",story,"A-Gift-on-the-Shelf-1,png"
,17,A Gift on the Shelf-2,"He did not want the water to infect the silk ribbon. <br> The elf was thirsty. <br> He said, “I want cold milk to gulp.” <br> The girl gave him the milk. <br>",story,"A-Gift-on-the-Shelf-2,png"
,17,A Gift on the Shelf-3, He drank the milk. <br> The elf left a pact for her under the shelf. <br> The pact said: “I will always help you.” <br> The girl was very happy.,story,"A-Gift-on-the-Shelf-3,png"
4,17,The Wolf and the Elk-1,"A big wolf was on the hunt. <br> He saw an elk make a sad yelp. <br> The elk’s leg was hurt. <br> The wolf felt sorry. <br> The elk said, “I need help!” <br>",story,"The-Wolf-and-the-Elk-1,png"
,17,The Wolf and the Elk-2, The wolf had to act fast. <br> He found some soft grass for the elk to lie down. <br> The wolf came back. <br> He made a pact: “I will not eat you. We are friends now.” <br>,story,"The-Wolf-and-the-Elk-2,png"
,17,The Wolf and the Elk-3, The elk stopped his yelp. <br> The wolf left and came back with the elk’s father and mother. <br> The wolf did a very good work!,story,"The-Wolf-and-the-Elk-3,png"
4,17,The Lamp and the Camp-1,"The boy and his dad went to camp. <br> They had a big lamp for night. <br> The boy said, “I left my rope at home!” <br> His dad said, “Don’t be sad.0 We can jump up and get it from the high shelf tomorrow.” <br>",story,"The-Lamp-and-the-Camp-1,png"
,17,The Lamp and the Camp-2," They turned on the lamp. <br> The boy wanted to jump over the log. <br> His dad said, “Do not do that act!” <br> ",story,"The-Lamp-and-the-Camp-2,png"
,17,The Lamp and the Camp-3,"The boy got his soft quilt. <br> The lamp made the tent glow pink. <br> His dad said, “Sleeps well.”",story,"The-Lamp-and-the-Camp-3,png"
4,17,The Silk Dress and the Gift-1,"The woman has a new dress of soft, pink silk. <br> She said, “This is a gift for my girl.” <br> She put the gift in a box. <br> The girl came home. <br> ",story,"The-Silk-Dress-and-the-Gift-1,png"
,17,The Silk Dress and the Gift-2,"She said, “I am very thirsty! I need to gulp cold milk.” <br> She poured a cup at the sink. <br> Her mother gave her the silk gift. <br> ",story,"The-Silk-Dress-and-the-Gift-2,png"
,17,The Silk Dress and the Gift-3,"The girl was very happy. <br> She said, “I will not let germs infect this new dress.” <br> She put the dress under the shelf. <br> She came back to her mother. <br> She gave her mother a hug and said, “Thank you!”",story,"The-Silk-Dress-and-the-Gift-3,png"
4,18,The Best Fish Dish-1,"Mom will cook fish today. <br> She said, “I want to make the best fish dish for lunch.” <br> She had to act fast to get the fish. <br> The fish was the last dish to make. <br> ",story,"The-Best-Fish-Dish-1,png"
,18,The Best Fish Dish-2,"The boy said, “Mom, I want to help you put the fish on the pink dish.” <br> She said, “Thank you, my boy!” <br> He put his hand on the hot dish and took a big gasp! <br> “Oh no! It’s hot!” <br> He made a yelp. <br>",story,"The-Best-Fish-Dish-2,png"
,18,The Best Fish Dish-3, His mom put the dish on the desk to cool. <br> The cold dish was safe now. <br> The family sat down to eat lunch. <br> It was the best fish they had ever eaten.,story,"The-Best-Fish-Dish-3,png"
4,18,The Pink Flask and the Desk-1,"The girl was at work. <br> She had a big desk. <br> On the desk, she had a pink flask. <br> She used the flask to hold water. <br> She needed a mask to wear at work. <br> She wanted one that was soft silk. <br> She found a soft mask that was under the bench. <br> ",story,"The-Pink-Flask-and-the-Desk-1,png"
,18,The Pink Flask and the Desk-2,She stood up fast and then made a crash! <br>Her flask fell down and the water went all over the desk. <br> She took a gasp. <br> “Oh no!” <br>,story,"The-Pink-Flask-and-the-Desk-2,png"
,18,The Pink Flask and the Desk-3,"The woman came to help. <br> She helped the girl clean the desk. <br> The girl said, “Thank you! I will be more careful with the flask next time!”",story,"The-Pink-Flask-and-the-Desk-3,png"
4,18,The Elf and the Wolf-1,"A little elf was in the tree. <br> He wanted to jump from one branch to the next. <br> He said, “This is the last jump I will make today.” <br>He had to grasp the new branch very tight. <br> The branch was thin and looked crisp. <br> He did not want to fall down!",story,"The-Elf-and-the-Wolf-1,png"
,18,The Elf and the Wolf-2, He made a big jump! <br> He did not grasp the branch. <br> He made a loud crash! He was under the tree branch. <br> He took a gasp. <br> ,story,"The-Elf-and-the-Wolf-2,png"
,18,The Elf and the Wolf-3,The wolf came over to help. <br> The wolf did not hurt the elf. <br> He helped the elf walk back to his home. <br> The elf was happy.,story,"The-Elf-and-the-Wolf-3,png"
4,18,The Bench and the Lunch-1,"Two friends wanted to meet at camp. <br> They said, “Let’s sit on the bench for lunch.” <br>They both ran fast to the bench. <br> They made a pact to always share their food. <br> They said, “We will not infect each other with germs.” <br>They both had crisp apples to eat. <br> ",story,"The-Bench-and-the-Lunch-1,png"
,18,The Bench and the Lunch-2,"The boy tried to grasp his apple, but he fell down on the ground. <br> He took a gasp and was a little sad. <br> The girl helped him up. <br>",story,"The-Bench-and-the-Lunch-2,png"
,18,The Bench and the Lunch-3," She said, “Don’t worry. <br> You are the best friend.” <br>They  went back to the bench and ate their lunch. <br> They were happy to play together.",story,"The-Bench-and-the-Lunch-3,png"
4,19,The Duck on the Lawn-1,"A little duck was on the front lawn. <br> He was playing fast. <br> The boy said, “I want to catch that duck!” <br>The duck ran away. <br> The duck ran all the way to the beach. <br> The boy ran after him. <br>",story,"The-Duck-on-the-Lawn-1,png"
,19,The Duck on the Lawn-2," The boy took a gasp when he saw the water. <br> He did not want to swim. <br> The boy stopped. <br> He saw his best friend. <br> His friend said, “I will help you catch the duck! <br>We will work as a match.” <br>",story,"The-Duck-on-the-Lawn-2,png"
,19,The Duck on the Lawn-3,"They ran and caught the duck and brought him back home. <br> The boy said, “Thank you, friend! We will not let the duck go away alone again.”",story,"The-Duck-on-the-Lawn-3,png"
4,19,A Gold Flake on the Cake-1,"The big clock on the wall was very old. <br> The girl said, “It’s time to bake a cake!” <br>She put on her pink sock and went to the kitchen. <br> The girl opened the back door. <br>",story,"A-Gold-Flake-on-the-Cake-1,png"
,19,A Gold Flake on the Cake-2," A witch was standing there! <br>The witch said, “I want to take your new cake!” <br>The girl had to act fast! She took a big gasp. <br> She said, “No, you can’t take it!” <br>The witch made a crash when she fell down on the front step. <br> ",story,"A-Gold-Flake-on-the-Cake-2,png"
,19,A Gold Flake on the Cake-3,The witch went away. <br> The girl was happy. <br> She put a gold flake on each piece of her cake. <br> She ate her cake for lunch.,story,"A-Gold-Flake-on-the-Cake-3,png"
4,19,The Sock and the Stitch-1,"My mom was working on her desk. <br> She saw a sock with a rip. <br> She said, “Oh no! I need to stitch this sock so it will not get gone.” <br>She needed a match to the thread. <br>",story,"The-Sock-and-the-Stitch-1,png"
,19,The Sock and the Stitch-2," She said, “I will make the best stitch so the sock will be strong again.” <br>She had to work fast. <br> Her little girl came in. <br> The girl said, “Mom, can you teach me to stitch?” <br>",story,"The-Sock-and-the-Stitch-2,png"
,19,The Sock and the Stitch-3,"The mother said, “Yes, I can teach each stitch to you.” <br> The girl took her own sock and started to stitch. <br> She made a good stitch! <br>The mother said, “You are very good! Now you can help me stitch the whole quilt.”",story,"The-Sock-and-the-Stitch-3,png"
4,19,The Peach and the Branch-1,"The boy was at the park. <br> He saw a tree with a big branch. <br> On the branch, there was a crisp peach. <br> He wanted to take it. <br> He said, “I will jump up to the branch.” <br> He tried to jump, but he could not grasp it. <br>",story,"The-Peach-and-the-Branch-1,png"
,19,The Peach and the Branch-2, He looked at his bike. <br> He had an idea. <br> He brought his bike under the branch. <br> He stood on the bike seat and took the peach! He made a gasp when he bit into the peach. <br> It was very cold. <br>,story,"The-Peach-and-the-Branch-2,png"
,19,The Peach and the Branch-3, He went to the bench for lunch. <br> He shared the peach with his friend. <br> He gave each friend a piece. <br> It was the best peach he had ever found.,story,"The-Peach-and-the-Branch-3,png"
4,20,The Eagle and the Fable-1,A big eagle lived in the jungle. <br> He was the best hunter. <br> He would fly fast over the long tree branch. <br> The eagle saw a single cable running through the jungle. <br> He did not think it was simple. <br> ,story,"The-Eagle-and-the-Fable-1,png"
,20,The Eagle and the Fable-2,He tried to grasp it with his hand and took a big gasp. <br> My uncle came to the jungle on his bike. <br> He saw the eagle. <br>,story,"The-Eagle-and-the-Fable-2,png"
,20,The Eagle and the Fable-3, He told the eagle a fable about a little duck. <br> The eagle was happy to hear the fable. <br> He flew away from the cable and promised to teach his friends the simple song.,story,"The-Eagle-and-the-Fable-3,png"
4,20,A Cable in the Jungle-1,A big eagle lived in the jungle. <br> He was the best hunter. <br> He would fly fast over the long tree branch. <br> The eagle saw a single cable running through the jungle. <br> He did not think it was simple. <br>,story,"A-Cable-in-the-Jungle-1,png"
,20,A Cable in the Jungle-2, He tried to grasp it with his hand and took a big gasp. <br> My uncle came to the jungle on his bike. <br> He saw the eagle. <br>,story,"A-Cable-in-the-Jungle-2,png"
,20,A Cable in the Jungle-3, He told the eagle a fable about a little duck. <br> The eagle was happy to hear the fable. <br> He flew away from the cable and promised to teach his friends the simple song.,story,"A-Cable-in-the-Jungle-3,png"
4,20,The Temple and the Handle-1,The girl went to the old temple. <br>She wanted to walk all the way to the back. <br>The temple had a big front door. <br> ,story,"The-Temple-and-the-Handle-1,png"
,20,The Temple and the Handle-2,She ran fast and then she fell down. <br> She hurt her ankle. <br> She made a yelp. <br> She took a gasp and was sad. <br> She needed help. <br>,story,"The-Temple-and-the-Handle-2,png"
,20,The Temple and the Handle-3,"A woman came to help her. <br>The woman said, “Here, grasp this handle and I will help you stand up.”<br> The girl held the handle tight. <br>The woman helped her walk back to the middle of the temple. <br>The girl said, “That was a simple act, but you are the best! Thank you.”",story,"The-Temple-and-the-Handle-3,png"
4,20,The Mule and the Mute Pup-1,"The baby was sleeping in the cradle. <br> The mother was happy. <br> The cradle had a soft quilt and was very old.  <br>The baby only had one sock on his foot.  <br>It was a single pink sock.  <br>The mother said, “I need to find the match to this sock. ” <br>",story,"The-Mule-and-the-Mute-Pup-1,png"
,20,The Mule and the Mute Pup-2,She looked all around the cradle. <br> She looked under the table.  <br>She looked by the handle of the door. <br>She couldn’t find the match anywhere. <br> ,story,"The-Mule-and-the-Mute-Pup-2,png"
,20,The Mule and the Mute Pup-3,The father came home and told a fable about a baby elf. <br>The fable was simple and the best. <br>The baby in the cradle smiled in his sleep. ,story,"The-Mule-and-the-Mute-Pup-3,png"
